Timestamp,Angle_Destination,Distance_Max,Obstacle_Proche_Dist,Obstacle_Loin_Dist
12:50:40.056,348.3,2509.75,1106.25,2509.75,N/A
12:50:40.197,18.2,3812.75,1107.0,3812.75,N/A
12:50:40.308,348.2,2498.75,1361.75,2498.75,N/A
12:50:40.432,12.0,3815.25,1105.5,3815.25,N/A
12:50:40.559,340.9,2196.75,1111.0,2196.75,N/A
12:50:40.689,18.3,3762.5,1109.5,3762.5,N/A
12:50:40.807,341.4,2216.5,1327.25,2216.5,N/A
12:50:40.930,12.4,3724.5,1123.0,3724.5,N/A
12:50:41.054,341.0,2182.75,1122.5,2182.75,N/A
12:50:41.177,18.9,3650.75,1187.5,3650.75,N/A
12:50:41.301,344.6,2371.75,1236.5,2371.75,N/A
12:50:41.423,19.3,3584.75,1189.0,3584.75,N/A
12:50:41.547,351.0,2917.0,1235.75,2917.0,N/A
12:50:41.669,357.6,3876.5,1195.25,3876.5,N/A
12:50:41.793,352.9,3137.0,1235.0,3137.0,N/A
12:50:41.916,34.1,3851.5,1201.25,3851.5,N/A
12:50:42.039,353.6,3164.5,1232.5,3164.5,N/A
12:50:42.161,33.7,3904.0,1195.75,3904.0,N/A
12:50:42.284,352.6,3265.25,1240.25,3265.25,N/A
12:50:42.408,31.2,3909.0,1169.0,3909.0,N/A
12:50:42.530,352.7,3689.75,1254.0,3689.75,N/A
12:50:42.652,350.0,3624.25,1141.0,3624.25,N/A
12:50:42.775,330.0,1942.75,1268.25,1942.75,N/A
12:50:42.897,13.8,3097.5,1128.5,3097.5,N/A
12:50:43.019,341.0,2506.0,1272.0,2506.0,N/A
12:50:43.141,7.0,3045.75,1131.0,3045.75,N/A
12:50:43.264,340.0,2410.0,1274.0,2410.0,N/A
12:50:43.388,8.1,2922.0,1131.0,2922.0,N/A
12:50:43.508,350.7,3413.25,1276.75,3413.25,N/A
12:50:43.631,355.1,3928.5,1128.75,3928.5,N/A
12:50:43.753,353.3,3831.75,1278.25,3831.75,N/A
12:50:43.879,30.2,3792.25,1138.75,3792.25,N/A
12:50:43.998,352.6,3610.75,1279.5,3610.75,N/A
12:50:44.116,30.7,3680.5,1134.5,3680.5,N/A
12:50:44.243,351.6,3696.0,1294.0,3696.0,N/A
12:50:44.364,349.9,3669.0,1104.75,3669.0,N/A
12:50:44.487,347.3,3479.0,1312.25,3479.0,N/A
12:50:44.606,347.2,3473.25,1087.5,3473.25,N/A
12:50:44.731,348.1,3510.5,1316.75,3510.5,N/A
12:50:44.850,347.7,3440.25,1081.25,3440.25,N/A
12:50:44.976,348.3,3450.75,1321.5,3450.75,N/A
12:50:45.094,29.1,3376.25,1082.75,3376.25,N/A
12:50:45.220,347.6,3308.0,1322.75,3308.0,N/A
12:50:45.351,27.1,3963.0,1082.5,3963.0,N/A
12:50:45.465,351.2,3889.0,1335.75,3889.0,N/A
12:50:45.596,27.3,3882.0,1073.75,3882.0,N/A
12:50:45.710,351.2,3921.25,1311.75,3921.25,N/A
12:50:45.840,350.9,3895.5,1032.25,3895.5,N/A
12:50:45.955,351.0,3876.75,1377.25,3876.75,N/A
12:50:46.074,27.2,3887.25,1064.0,3887.25,N/A
12:50:46.200,350.9,3817.5,1260.25,3817.5,N/A
12:50:46.318,27.0,3944.5,954.5,3944.5,N/A
12:50:46.445,351.7,3987.0,1341.0,3987.0,N/A
12:50:46.563,350.9,3869.25,1038.25,3869.25,N/A
12:50:46.690,351.3,3939.5,1246.25,3939.5,N/A
12:50:46.808,350.6,3796.75,1124.0,3796.75,N/A
12:50:46.934,351.3,3872.5,1227.0,3872.5,N/A
12:50:47.052,27.5,3869.75,1086.5,3869.75,N/A
12:50:47.179,351.9,3975.25,1222.5,3975.25,N/A
12:50:47.298,351.7,3916.25,960.75,3916.25,N/A
12:50:47.423,351.8,3974.25,1226.5,3974.25,N/A
12:50:47.541,351.9,3972.5,1034.5,3972.5,N/A
12:50:47.667,351.9,3958.0,1225.75,3958.0,N/A
12:50:47.785,352.1,3947.5,1033.75,3947.5,N/A
12:50:47.911,352.5,3991.25,1229.0,3991.25,N/A
12:50:48.029,352.2,3882.5,1033.5,3882.5,N/A
12:50:48.155,352.7,3934.5,1240.0,3934.5,N/A
12:50:48.275,353.0,3961.75,1033.25,3961.75,N/A
12:50:48.399,353.3,3972.0,1254.25,3972.0,N/A
12:50:48.517,353.6,3960.5,951.5,3960.5,N/A
12:50:48.643,352.5,3746.0,1318.75,3746.0,N/A
12:50:48.761,354.1,3966.75,858.5,3966.75,N/A
12:50:48.887,352.8,3718.0,1366.25,3718.0,N/A
12:50:49.005,30.3,3863.5,775.25,3863.5,N/A
12:50:49.131,353.1,3675.75,1366.25,3675.75,N/A
12:50:49.249,353.6,3803.5,702.0,3803.5,N/A
12:50:49.376,351.9,3745.75,970.5,3745.75,N/A
12:50:49.494,334.6,2191.25,619.25,2191.25,N/A
12:50:49.621,349.6,3344.25,808.5,3344.25,N/A
12:50:49.740,349.3,3238.0,521.25,3238.0,N/A
12:50:49.865,348.4,3020.0,717.25,3020.0,N/A
12:50:49.983,347.7,2904.5,431.0,2904.5,N/A
12:50:50.110,347.2,2762.0,617.5,2762.0,N/A
12:50:50.228,32.2,3903.25,342.0,3903.25,N/A
12:50:50.355,344.4,2498.5,297.75,2498.5,N/A
12:50:50.474,33.6,3678.75,252.5,3678.75,N/A
12:50:50.601,0.0,0,86,171.75,2139.25
12:50:50.683,0.0,0,86,152.0,3177.5
12:50:50.764,0.0,0,86,149.0,3186.0
12:50:50.847,0.0,0,86,146.5,3037.5
12:50:50.928,0.0,0,86,147.5,2847.0
12:50:51.010,0.0,0,86,147.0,2859.5
12:50:51.091,0.0,0,86,148.75,2901.75
12:50:51.173,0.0,0,86,149.5,2939.25
12:50:51.255,0.0,0,86,150.5,2781.25
12:50:51.337,0.0,0,86,149.5,2737.5
12:50:51.419,0.0,0,86,148.5,2839.5
12:50:51.501,37.0,2750.0,319.0,2750.0,N/A
12:50:51.618,36.6,2810.75,315.0,2810.75,N/A
12:50:51.746,318.2,1639.0,1360.25,1639.0,N/A
12:50:51.865,36.7,2768.25,306.5,2768.25,N/A
12:50:51.991,313.9,1561.5,1361.0,1561.5,N/A
12:50:52.109,39.3,2492.5,304.0,2492.5,N/A
12:50:52.236,270.7,1430.25,1362.5,1430.25,N/A
12:50:52.359,41.1,2357.25,301.75,2357.25,N/A
12:50:52.480,271.0,1425.5,1370.0,1425.5,N/A
12:50:52.598,40.3,2298.25,241.0,2298.25,N/A
12:50:52.726,270.9,1426.0,1374.0,1426.0,N/A
12:50:52.847,39.0,2370.0,235.75,2370.0,N/A
12:50:52.972,270.6,1432.5,1406.75,1432.5,N/A
12:50:53.090,38.6,2380.0,220.75,2380.0,N/A
12:50:53.218,38.6,2380.0,N/A,N/A,N/A
12:50:53.337,0.0,0,86,151.75,2312.25
12:50:53.383,0.0,0,86,149.5,2491.5
12:50:53.465,0.0,0,86,148.0,2513.25
12:50:53.547,0.0,0,86,154.0,2736.5
12:50:53.628,0.0,0,86,147.75,2649.0
12:50:53.710,0.0,0,86,148.5,2690.0
12:50:53.792,0.0,0,86,147.75,2693.25
12:50:53.873,0.0,0,86,147.25,2872.5
12:50:53.955,0.0,0,86,146.5,2616.5
12:50:54.036,0.0,0,86,147.75,2857.0
12:50:54.118,0.0,0,86,146.5,2580.0
12:50:54.200,0.0,0,86,150.0,2570.0
12:50:54.284,0.0,0,86,146.25,2520.25
12:50:54.365,0.0,0,86,147.0,2605.5
12:50:54.447,0.0,0,86,146.5,2756.5
12:50:54.529,0.0,0,86,149.0,2600.25
12:50:54.607,0.0,0,86,146.75,2758.5
12:50:54.689,0.0,0,86,147.0,2619.25
12:50:54.775,0.0,0,86,145.75,2509.75
12:50:54.852,0.0,0,86,147.5,2419.5
12:50:54.933,0.0,0,86,146.5,2677.75
12:50:55.014,0.0,0,86,148.0,2682.0
12:50:55.095,0.0,0,86,147.5,2684.25
12:50:55.177,0.0,0,86,148.0,2646.25
12:50:55.258,0.0,0,86,157.5,2643.75
12:50:55.340,0.0,0,86,147.0,2602.5
12:50:55.421,0.0,0,86,153.25,2863.5
12:50:55.503,0.0,0,86,146.5,2702.75
12:50:55.584,0.0,0,86,146.5,2464.5
12:50:55.665,0.0,0,86,147.0,2785.5
12:50:55.747,0.0,0,86,149.0,3322.5
12:50:55.828,0.0,0,86,148.25,3094.75
12:50:55.909,0.0,0,86,175.5,3696.25
12:50:55.991,0.0,0,86,196.5,3499.25
12:50:56.073,30.9,3292.5,228.25,3292.5,N/A
12:50:56.195,32.0,3113.5,277.5,3113.5,N/A
12:50:56.316,320.4,1739.75,382.5,1739.75,N/A
12:50:56.438,32.6,2969.25,446.0,2969.25,N/A
12:50:56.560,345.2,2965.75,472.5,2965.75,N/A
12:50:56.677,350.2,3616.0,432.75,3616.0,N/A
12:50:56.806,351.0,3745.0,541.25,3745.0,N/A
12:50:56.924,350.6,3702.75,390.75,3702.75,N/A
12:50:57.049,350.7,3684.5,522.0,3684.5,N/A
12:50:57.168,350.1,3590.25,362.75,3590.25,N/A
12:50:57.293,348.3,3324.25,495.25,3324.25,N/A
12:50:57.411,350.0,3522.0,315.25,3522.0,N/A
12:50:57.537,348.2,3250.5,445.75,3250.5,N/A
12:50:57.655,31.2,3322.5,412.0,3322.5,N/A
12:50:57.782,337.1,2330.75,1132.25,2330.75,N/A
12:50:57.900,29.8,3384.0,652.0,3384.0,N/A
12:50:58.028,333.4,2216.5,905.75,2216.5,N/A
12:50:58.147,27.5,3318.75,877.25,3318.75,N/A
12:50:58.271,345.0,3033.75,575.0,3033.75,N/A
12:50:58.389,347.7,3340.5,560.75,3340.5,N/A
12:50:58.519,349.7,3299.25,1397.75,3299.25,N/A
12:50:58.637,23.7,3410.0,1003.5,3410.0,N/A
12:50:58.760,342.6,2730.75,1405.25,2730.75,N/A
12:50:58.879,29.9,3042.5,746.25,3042.5,N/A
12:50:59.006,346.8,3112.25,679.25,3112.25,N/A
12:50:59.125,346.0,3060.25,911.0,3060.25,N/A
12:50:59.251,346.6,3073.5,1409.0,3073.5,N/A
12:50:59.371,350.1,3497.0,1082.75,3497.0,N/A
12:50:59.495,350.1,3413.5,1280.0,3413.5,N/A
12:50:59.614,350.5,3419.25,1044.75,3419.25,N/A
12:50:59.740,348.7,2884.25,1265.75,2884.25,N/A
12:50:59.861,11.2,3994.75,1017.25,3994.75,N/A
12:50:59.984,350.7,3278.0,1250.75,3278.0,N/A
12:51:00.102,9.9,3969.75,1025.5,3969.75,N/A
12:51:00.228,350.3,3199.75,1253.75,3199.75,N/A
12:51:00.350,7.2,3989.0,1033.75,3989.0,N/A
12:51:00.472,349.9,3094.75,1390.25,3094.75,N/A
12:51:00.590,6.8,3922.75,1037.0,3922.75,N/A
12:51:00.717,349.9,3033.25,1341.5,3033.25,N/A
12:51:00.836,6.8,3856.0,1041.0,3856.0,N/A
12:51:00.960,349.4,2949.0,1251.75,2949.0,N/A
12:51:01.081,4.0,3976.0,1053.25,3976.0,N/A
12:51:01.204,349.4,2882.25,1368.75,2882.25,N/A
12:51:01.322,5.1,3958.75,1063.25,3958.75,N/A
12:51:01.448,348.2,2753.0,1363.25,2753.0,N/A
12:51:01.566,1.7,3937.25,1072.75,3937.25,N/A
12:51:01.692,348.1,2676.25,1354.5,2676.25,N/A
12:51:01.817,0.4,3972.0,1081.25,3972.0,N/A
12:51:01.939,348.1,2579.0,1346.0,2579.0,N/A
12:51:02.071,359.2,3972.5,265.5,3972.5,N/A
12:51:02.180,348.3,2510.75,1488.75,2510.75,N/A
12:51:02.299,357.1,3982.25,1118.25,3982.25,N/A
12:51:02.425,348.5,2448.75,1318.25,2448.75,N/A
12:51:02.543,357.3,3922.75,1144.25,3922.75,N/A
12:51:02.671,348.3,2367.75,1303.0,2367.75,N/A
12:51:02.789,37.9,3936.5,1158.75,3936.5,N/A
12:51:02.913,347.2,2276.0,1290.25,2276.0,N/A
12:51:03.031,355.9,3924.75,1169.5,3924.75,N/A
12:51:03.157,343.2,2132.75,1290.75,2132.75,N/A
12:51:03.275,353.2,3956.25,1163.5,3956.25,N/A
12:51:03.401,352.8,3978.75,1277.75,3978.75,N/A
12:51:03.519,353.4,3887.5,1188.0,3887.5,N/A
12:51:03.645,353.0,3935.25,1260.5,3935.25,N/A
12:51:03.763,352.9,3935.75,1219.25,3935.75,N/A
12:51:03.888,353.5,3853.5,1243.25,3853.5,N/A
12:51:04.006,353.4,3847.0,1235.5,3847.0,N/A
12:51:04.132,352.7,3949.0,1222.5,3949.0,N/A
12:51:04.250,352.8,3928.5,1216.25,3928.5,N/A
12:51:04.376,353.0,3889.0,1201.5,3889.0,N/A
12:51:04.494,354.0,3746.25,1192.25,3746.25,N/A
12:51:04.620,343.5,1719.25,1179.0,1719.25,N/A
12:51:04.738,354.3,3682.5,1170.5,3682.5,N/A
12:51:04.864,342.9,1635.0,1157.25,1635.0,N/A
12:51:04.982,354.8,3585.25,1146.5,3585.25,N/A
12:51:05.108,353.2,3976.0,1127.75,3976.0,N/A
12:51:05.225,352.3,3998.0,1118.75,3998.0,N/A
12:51:05.352,353.0,3934.25,1082.5,3934.25,N/A
12:51:05.470,351.6,3965.0,1065.25,3965.0,N/A
12:51:05.596,350.6,3974.25,1072.0,3974.25,N/A
12:51:05.713,350.2,3978.75,1006.25,3978.75,N/A
12:51:05.840,349.5,3992.5,967.0,3992.5,N/A
12:51:05.969,349.2,3989.75,939.5,3989.75,N/A
12:51:06.082,349.2,3946.0,897.25,3946.0,N/A
12:51:06.210,348.2,3990.75,885.25,3990.75,N/A
12:51:06.326,348.5,3962.25,852.25,3962.25,N/A
12:51:06.443,348.6,3913.75,833.5,3913.75,N/A
12:51:06.569,347.3,3984.0,802.25,3984.0,N/A
12:51:06.687,347.8,3928.5,790.5,3928.5,N/A
12:51:06.813,346.5,3996.75,764.25,3996.75,N/A
12:51:06.930,346.9,3960.75,749.5,3960.75,N/A
12:51:07.057,346.5,3951.0,724.0,3951.0,N/A
12:51:07.174,345.9,3993.75,711.25,3993.75,N/A
12:51:07.300,345.9,3972.75,690.0,3972.75,N/A
12:51:07.418,345.4,3999.25,685.5,3999.25,N/A
12:51:07.544,345.8,3902.5,788.25,3902.5,N/A
12:51:07.662,344.9,3986.75,665.25,3986.75,N/A
12:51:07.788,344.9,3969.0,658.75,3969.0,N/A
12:51:07.906,345.1,3936.75,724.75,3936.75,N/A
12:51:08.032,345.3,3883.75,690.5,3883.75,N/A
12:51:08.151,345.2,3874.5,654.0,3874.5,N/A
12:51:08.276,344.8,3898.5,646.25,3898.5,N/A
12:51:08.393,344.3,3964.0,631.75,3964.0,N/A
12:51:08.520,344.0,3988.75,608.5,3988.75,N/A
12:51:08.638,344.2,3943.5,597.5,3943.5,N/A
12:51:08.763,343.9,3979.25,579.25,3979.25,N/A
12:51:08.881,344.0,3951.0,575.0,3951.0,N/A
12:51:09.007,344.2,3908.5,562.75,3908.5,N/A
12:51:09.125,344.3,3905.25,561.25,3905.25,N/A
12:51:09.253,344.2,3882.5,555.25,3882.5,N/A
12:51:09.372,343.4,3907.0,558.5,3907.0,N/A
12:51:09.495,344.2,3888.0,562.5,3888.0,N/A
12:51:09.613,344.3,3857.0,568.5,3857.0,N/A
12:51:09.743,345.3,3706.25,609.25,3706.25,N/A
12:51:09.862,344.5,3812.75,634.75,3812.75,N/A
12:51:09.983,345.0,3740.75,667.25,3740.75,N/A
12:51:10.101,345.1,3732.75,626.25,3732.75,N/A
12:51:10.227,345.8,3609.75,718.75,3609.75,N/A
12:51:10.348,345.4,3656.0,610.75,3656.0,N/A
12:51:10.472,345.7,3609.5,793.25,3609.5,N/A
12:51:10.590,346.1,3549.25,572.5,3549.25,N/A
12:51:10.717,343.6,3984.0,867.0,3984.0,N/A
12:51:10.835,344.0,3897.75,537.0,3897.75,N/A
12:51:10.961,341.9,3990.0,939.75,3990.0,N/A
12:51:11.107,341.8,3985.0,504.25,3985.0,N/A
12:51:11.286,343.7,3980.25,476.25,3980.25,N/A
12:51:11.429,343.9,3916.5,467.75,3916.5,N/A
12:51:11.611,322.4,3836.5,443.25,3836.5,N/A
12:51:11.734,344.6,3827.25,434.75,3827.25,N/A
12:51:11.855,324.9,3770.75,2639.5,3770.75,N/A
12:51:11.977,325.2,3745.5,384.5,3745.5,N/A
12:51:12.098,351.2,3677.75,2827.75,3677.75,N/A
12:51:12.221,329.7,3704.75,349.25,3704.75,N/A
12:51:12.342,270.6,3821.75,3504.5,3821.75,N/A
12:51:12.465,331.9,3612.25,330.0,3612.25,N/A
12:51:12.586,334.6,3583.0,2660.0,3583.0,N/A
12:51:12.709,335.4,3562.75,357.25,3562.75,N/A
12:51:12.831,336.2,3518.75,3464.5,3518.75,N/A
12:51:12.953,336.4,3475.0,374.25,3475.0,N/A
12:51:13.074,337.6,3454.25,3408.75,3454.25,N/A
12:51:13.192,338.4,3446.0,393.5,3446.0,N/A
12:51:13.318,339.1,3402.5,3341.0,3402.5,N/A
12:51:13.436,4.1,3332.75,415.75,3332.75,N/A
12:51:13.561,339.5,3342.5,3342.5,3342.5,N/A
12:51:13.679,338.6,3267.5,440.25,3267.5,N/A
12:51:13.805,338.6,3267.5,N/A,N/A,N/A
12:51:13.923,338.8,3207.75,460.5,3207.75,N/A
12:51:14.048,338.8,3207.75,N/A,N/A,N/A
12:51:14.166,340.4,3232.75,477.25,3232.75,N/A
12:51:14.292,340.4,3232.75,N/A,N/A,N/A
12:51:14.409,7.4,3057.25,503.5,3057.25,N/A
12:51:14.536,341.0,3117.5,3117.5,3117.5,N/A
12:51:14.654,341.0,3083.25,527.5,3083.25,N/A
12:51:14.780,340.3,2986.0,2986.0,2986.0,N/A
12:51:14.898,325.6,3474.75,557.5,3474.75,N/A
12:51:15.024,341.8,2973.75,2899.5,2973.75,N/A
12:51:15.142,343.3,2954.75,716.75,2954.75,N/A
12:51:15.270,343.5,2838.75,1981.25,2838.75,N/A
12:51:15.387,343.7,2808.0,706.75,2808.0,N/A
12:51:15.511,345.0,2855.25,1925.5,2855.25,N/A
12:51:15.629,345.3,2827.0,696.0,2827.0,N/A
12:51:15.755,345.9,2793.5,2682.25,2793.5,N/A
12:51:15.874,346.1,2761.5,686.0,2761.5,N/A
12:51:15.999,345.1,2633.75,2630.0,2633.75,N/A
12:51:16.117,347.4,2686.25,679.75,2686.25,N/A
12:51:16.243,347.8,2627.5,2553.0,2627.5,N/A
12:51:16.361,331.4,3157.5,673.5,3157.5,N/A
12:51:16.486,310.0,2695.25,1655.5,2695.25,N/A
12:51:16.615,349.0,2522.5,672.25,2522.5,N/A
12:51:16.730,352.3,3608.5,2410.0,3608.5,N/A
12:51:16.868,355.3,3651.75,684.0,3651.75,N/A
12:51:17.055,335.0,2932.0,685.25,2932.0,N/A
12:51:17.173,352.1,2384.0,688.0,2384.0,N/A
12:51:17.299,352.4,2359.0,1167.25,2359.0,N/A
12:51:17.417,24.7,3256.25,689.25,3256.25,N/A
12:51:17.544,352.9,2296.75,2235.75,2296.75,N/A
12:51:17.661,25.7,3174.25,695.25,3174.25,N/A
12:51:17.788,352.6,2232.25,1445.0,2232.25,N/A
12:51:17.905,357.6,3412.5,692.25,3412.5,N/A
12:51:18.032,283.1,3761.25,2066.25,3761.25,N/A
12:51:18.150,25.1,2922.5,692.5,2922.5,N/A
12:51:18.276,283.0,3744.5,947.75,3744.5,N/A
12:51:18.394,25.9,3788.5,707.25,3788.5,N/A
12:51:18.520,284.4,3743.0,1179.0,3743.0,N/A
12:51:18.645,284.2,3748.5,346.5,3748.5,N/A
12:51:18.764,352.4,1931.5,1931.5,1931.5,N/A
12:51:18.905,32.8,3087.5,317.5,3087.5,N/A
12:51:19.091,36.0,2887.75,293.0,2887.75,N/A
12:51:19.209,34.5,2958.25,274.5,2958.25,N/A
12:51:19.336,279.4,3783.5,400.5,3783.5,N/A
12:51:19.454,353.2,1811.5,224.0,1811.5,N/A
12:51:19.580,351.7,1771.25,299.25,1771.25,N/A
12:51:19.697,0.0,0,86,172.5,2794.75
12:51:19.742,0.0,0,86,161.0,2845.5
12:51:19.824,0.0,0,86,151.0,2690.75
12:51:19.905,0.0,0,86,146.5,2745.25
12:51:19.986,0.0,0,86,145.75,2809.5
12:51:20.068,0.0,0,86,145.5,2714.75
12:51:20.149,0.0,0,86,145.75,2777.5
12:51:20.231,0.0,0,86,145.75,2684.75
12:51:20.313,0.0,0,86,145.75,2800.25
12:51:20.394,0.0,0,86,146.0,2754.75
12:51:20.476,0.0,0,86,145.75,2653.5
12:51:20.557,0.0,0,86,145.75,2663.0
12:51:20.638,0.0,0,86,145.5,2798.25
12:51:20.719,0.0,0,86,145.25,2683.75
12:51:20.801,0.0,0,86,153.0,2764.25
12:51:20.881,34.0,2809.75,232.25,2809.75,N/A
12:51:20.999,34.7,2686.0,233.0,2686.0,N/A
12:51:21.126,353.4,1698.75,901.75,1698.75,N/A
12:51:21.243,34.1,2743.75,226.25,2743.75,N/A
12:51:21.370,352.1,1690.0,244.75,1690.0,N/A
12:51:21.488,33.2,2835.25,208.75,2835.25,N/A
12:51:21.614,350.4,1638.25,213.25,1638.25,N/A
12:51:21.732,34.2,2482.0,200.75,2482.0,N/A
12:51:21.857,348.0,1597.25,577.0,1597.25,N/A
12:51:21.992,0.0,0,86,194.25,2613.5
12:51:22.031,0.0,0,86,179.75,2547.25
12:51:22.101,0.0,0,86,157.5,3805.0
12:51:22.182,0.0,0,86,150.75,1543.0
12:51:22.264,0.0,0,86,151.75,1548.5
12:51:22.345,0.0,0,86,153.75,1537.0
12:51:22.426,0.0,0,86,155.0,1546.75
12:51:22.507,0.0,0,86,155.25,1543.5
12:51:22.589,0.0,0,86,155.0,1547.0
12:51:22.670,0.0,0,86,154.0,1524.25
12:51:22.751,0.0,0,86,152.5,1543.5
12:51:22.833,0.0,0,86,152.5,1537.25
12:51:22.914,0.0,0,86,152.75,1546.5
12:51:22.995,0.0,0,86,150.75,1551.25
12:51:23.076,0.0,0,86,151.75,3819.75
12:51:23.158,0.0,0,86,151.5,1524.5
12:51:23.239,0.0,0,86,151.25,1549.75
12:51:23.320,0.0,0,86,150.25,1544.25
12:51:23.403,0.0,0,86,150.75,1549.0
12:51:23.483,0.0,0,86,150.5,3272.5
12:51:23.564,0.0,0,86,151.5,1548.0
12:51:23.645,0.0,0,86,155.5,1540.25
12:51:23.727,0.0,0,86,159.0,1547.0
12:51:23.808,0.0,0,86,164.5,1479.0
12:51:23.889,0.0,0,86,167.25,1539.25
12:51:23.969,0.0,0,86,173.75,696.0
12:51:24.048,0.0,0,86,161.0,2199.75
12:51:24.127,278.2,3427.0,935.25,3427.0,N/A
12:51:24.252,0.0,0,86,153.0,3907.25
12:51:24.290,329.1,3945.0,425.25,3945.0,N/A
12:51:24.427,350.7,3800.0,747.0,3800.0,N/A
12:51:24.610,351.9,3910.25,998.5,3910.25,N/A
12:51:24.728,46.0,3540.75,972.5,3540.75,N/A
12:51:24.865,353.2,2994.0,1003.25,2994.0,N/A
12:51:24.984,48.6,3542.5,1030.25,3542.5,N/A
12:51:25.118,350.8,3274.5,1068.5,3274.5,N/A
12:51:25.236,49.0,3712.0,1096.0,3712.0,N/A
12:51:25.368,345.7,2738.5,1134.5,2738.5,N/A
12:51:25.486,345.4,3107.25,851.5,3107.25,N/A
12:51:25.617,345.0,3028.75,1198.25,3028.75,N/A
12:51:25.734,345.6,3115.75,1210.0,3115.75,N/A
12:51:25.864,344.9,2941.75,1204.75,2941.75,N/A
12:51:25.982,344.9,2909.0,1203.75,2909.0,N/A
12:51:26.114,345.5,2904.75,1197.5,2904.75,N/A
12:51:26.233,47.0,3001.75,934.25,3001.75,N/A
12:51:26.359,348.5,3943.5,1187.75,3943.5,N/A
12:51:26.478,356.3,3926.5,1094.25,3926.5,N/A
12:51:26.608,346.3,3883.5,1189.25,3883.5,N/A
12:51:26.727,353.0,3923.5,1008.25,3923.5,N/A
12:51:26.859,348.0,3799.25,1182.5,3799.25,N/A
12:51:26.978,358.1,3809.5,919.25,3809.5,N/A
12:51:27.102,348.1,3715.0,1173.25,3715.0,N/A
12:51:27.229,5.9,3861.25,829.75,3861.25,N/A
12:51:27.350,353.2,3703.0,1161.0,3703.0,N/A
12:51:27.469,6.7,3766.0,743.25,3766.0,N/A
12:51:27.598,353.0,3610.0,1148.75,3610.0,N/A
12:51:27.716,14.8,3907.0,656.5,3907.0,N/A
12:51:27.844,353.4,3522.0,1137.5,3522.0,N/A
12:51:27.962,13.8,3750.0,574.5,3750.0,N/A
12:51:28.092,353.1,3420.5,1124.5,3420.5,N/A
12:51:28.210,66.0,3740.25,495.25,3740.25,N/A
12:51:28.342,353.4,3338.25,1115.0,3338.25,N/A
12:51:28.461,66.1,3713.5,421.0,3713.5,N/A
12:51:28.588,353.5,3200.75,1129.75,3200.75,N/A
12:51:28.706,11.5,3486.5,350.75,3486.5,N/A
12:51:28.836,352.7,3127.0,1148.75,3127.0,N/A
12:51:28.954,8.0,3345.25,292.75,3345.25,N/A
12:51:29.084,337.0,3045.0,1183.5,3045.0,N/A
12:51:29.202,7.1,3233.0,243.0,3233.0,N/A
12:51:29.332,337.8,2967.75,1243.5,2967.75,N/A
12:51:29.450,0.0,0,86,195.5,3137.75
12:51:29.497,0.0,0,86,178.25,3077.25
12:51:29.579,0.0,0,86,163.25,3042.75
12:51:29.662,0.0,0,86,160.0,3049.75
12:51:29.745,0.0,0,86,159.0,3036.0
12:51:29.828,0.0,0,86,158.5,3038.25
12:51:29.911,0.0,0,86,158.5,3036.0
12:51:29.993,0.0,0,86,158.5,3034.75
12:51:30.076,0.0,0,86,158.5,3032.75
12:51:30.159,0.0,0,86,158.5,3032.25
12:51:30.242,0.0,0,86,158.5,3031.75
12:51:30.325,0.0,0,86,158.25,3033.75
12:51:30.409,0.0,0,86,158.5,3033.75
12:51:30.491,0.0,0,86,158.25,3036.75
12:51:30.573,0.0,0,86,158.5,3042.5
12:51:30.656,0.0,0,86,158.25,3037.0
12:51:30.739,0.0,0,86,158.5,3031.75
12:51:30.822,0.0,0,86,158.25,3043.25
12:51:30.908,0.0,0,86,158.5,3033.0
12:51:30.991,0.0,0,86,158.25,3037.0
12:51:31.098,0.0,0,86,158.5,3025.0
12:51:31.164,0.0,0,86,158.25,3029.25
12:51:31.236,0.0,0,86,158.25,2961.25
12:51:31.324,0.0,0,86,158.5,2994.25
12:51:31.413,0.0,0,86,158.25,2997.25
12:51:31.484,0.0,0,86,158.25,2976.25
12:51:31.566,0.0,0,86,158.25,2981.75
12:51:31.648,0.0,0,86,158.25,2924.0
12:51:31.730,0.0,0,86,158.25,2986.25
12:51:31.812,0.0,0,86,158.25,2986.25
12:51:31.894,0.0,0,86,158.25,2997.5
12:51:31.976,0.0,0,86,158.25,2994.75
12:51:32.058,0.0,0,86,158.25,2967.5
12:51:32.139,0.0,0,86,158.25,2967.25
12:51:32.221,0.0,0,86,158.25,2942.25
12:51:32.303,0.0,0,86,158.25,3032.75
12:51:32.385,0.0,0,86,158.25,3044.5
12:51:32.467,0.0,0,86,158.25,3037.5
12:51:32.548,0.0,0,86,158.25,3034.0
12:51:32.630,0.0,0,86,158.25,3034.5
12:51:32.711,0.0,0,86,158.25,2900.5
12:51:32.793,0.0,0,86,158.25,2905.25
12:51:32.874,0.0,0,86,158.25,2908.5
12:51:32.956,0.0,0,86,158.25,2920.75
12:51:33.037,0.0,0,86,158.25,2909.75
12:51:33.119,0.0,0,86,158.25,2916.75
12:51:33.200,0.0,0,86,158.25,2930.5
12:51:33.282,0.0,0,86,158.25,2931.5
12:51:33.363,0.0,0,86,158.25,2930.25
12:51:33.445,0.0,0,86,158.25,2928.75
12:51:33.526,0.0,0,86,158.25,2906.5
12:51:33.607,0.0,0,86,158.25,2921.75
12:51:33.689,0.0,0,86,158.25,2920.75
12:51:33.770,0.0,0,86,158.25,2914.0
12:51:33.851,0.0,0,86,158.25,2917.0
12:51:33.932,0.0,0,86,158.25,2919.0
12:51:34.014,0.0,0,86,158.25,2904.0
12:51:34.095,0.0,0,86,158.25,2908.0
12:51:34.177,0.0,0,86,158.25,2911.0
12:51:34.258,0.0,0,86,158.25,2896.0
12:51:34.339,0.0,0,86,158.25,3038.25
12:51:34.420,0.0,0,86,158.5,3030.25
12:51:34.501,0.0,0,86,158.25,3041.75
12:51:34.583,0.0,0,86,158.25,3035.75
12:51:34.664,0.0,0,86,158.25,3037.75
12:51:34.744,0.0,0,86,158.5,3044.25
12:51:34.826,0.0,0,86,158.25,3030.75
12:51:34.907,0.0,0,86,158.25,3032.25
12:51:34.988,0.0,0,86,158.25,3028.5
12:51:35.069,0.0,0,86,158.25,3045.0
12:51:35.150,0.0,0,86,158.25,3034.0
12:51:35.232,0.0,0,86,158.25,3028.25
12:51:35.313,0.0,0,86,158.25,3033.75
12:51:35.394,0.0,0,86,158.25,3030.5
12:51:35.475,0.0,0,86,158.25,3045.25
12:51:35.556,0.0,0,86,158.25,3035.0
12:51:35.638,0.0,0,86,158.25,3031.0
12:51:35.719,0.0,0,86,158.25,3041.25
12:51:35.800,0.0,0,86,158.25,3032.0
12:51:35.881,0.0,0,86,158.25,3028.25
12:51:35.962,0.0,0,86,158.75,3043.5
12:51:36.043,0.0,0,86,158.75,3040.0
12:51:36.125,0.0,0,86,159.25,3055.5
12:51:36.205,0.0,0,86,164.25,3073.5
12:51:36.287,0.0,0,86,183.25,3135.25
12:51:36.367,29.7,3246.5,217.75,3246.5,N/A
12:51:36.515,37.9,3373.75,240.75,3373.75,N/A
12:51:36.699,37.8,3359.75,234.75,3359.75,N/A
12:51:36.818,37.6,3358.5,230.75,3358.5,N/A
12:51:36.940,342.0,1811.75,1144.0,1811.75,N/A
12:51:37.058,36.5,3320.75,214.0,3320.75,N/A
12:51:37.187,340.0,1784.25,1154.75,1784.25,N/A
12:51:37.306,0.0,0,86,196.0,3404.25
12:51:37.352,0.0,0,86,186.25,3382.5
12:51:37.433,0.0,0,86,181.25,3439.5
12:51:37.515,0.0,0,86,180.0,3434.25
12:51:37.596,0.0,0,86,180.0,3486.0
12:51:37.678,0.0,0,86,180.0,3462.5
12:51:37.759,0.0,0,86,180.0,3468.5
12:51:37.841,0.0,0,86,180.25,3484.25
12:51:37.923,0.0,0,86,180.25,3487.75
12:51:38.004,0.0,0,86,180.25,3482.5
12:51:38.086,0.0,0,86,180.25,3481.75
12:51:38.168,0.0,0,86,180.0,3486.25
12:51:38.249,0.0,0,86,180.25,3436.0
12:51:38.331,0.0,0,86,180.0,3459.75
12:51:38.412,0.0,0,86,180.0,3435.75
12:51:38.493,0.0,0,86,180.0,3439.25
12:51:38.575,0.0,0,86,180.5,3483.25
12:51:38.656,0.0,0,86,180.25,3476.75
12:51:38.738,0.0,0,86,180.75,3460.5
12:51:38.819,0.0,0,86,181.25,3454.75
12:51:38.901,0.0,0,86,182.75,3451.75
12:51:38.982,0.0,0,86,182.75,3445.25
12:51:39.064,0.0,0,86,185.75,3446.0
12:51:39.146,0.0,0,86,194.5,3561.0
12:51:39.227,0.0,0,86,195.75,3541.75
12:51:39.309,0.0,0,86,197.5,3656.25
12:51:39.390,0.0,0,86,197.5,3639.0
12:51:39.471,0.0,0,86,197.25,3550.0
12:51:39.552,0.0,0,86,197.25,3278.5
12:51:39.633,29.2,3349.25,200.25,3349.25,N/A
12:51:39.756,31.5,3347.5,213.0,3347.5,N/A
12:51:39.877,349.0,1686.0,1040.0,1686.0,N/A
12:51:40.000,45.0,3630.25,278.25,3630.25,N/A
12:51:40.124,353.6,2645.5,1038.25,2645.5,N/A
12:51:40.246,40.2,3365.5,308.25,3365.5,N/A
12:51:40.371,352.7,2618.75,1035.25,2618.75,N/A
12:51:40.494,41.8,3462.5,289.25,3462.5,N/A
12:51:40.618,336.4,1586.75,1034.5,1586.75,N/A
12:51:40.740,38.5,3294.25,266.5,3294.25,N/A
12:51:40.865,334.0,1549.25,1033.75,1549.25,N/A
12:51:40.987,47.0,3862.25,242.0,3862.25,N/A
12:51:41.113,353.5,2462.75,1025.75,2462.75,N/A
12:51:41.235,46.6,3828.0,590.75,3828.0,N/A
12:51:41.361,352.6,2393.75,1017.5,2393.75,N/A
12:51:41.484,45.0,3699.0,558.5,3699.0,N/A
12:51:41.609,353.2,2339.5,1015.0,2339.5,N/A
12:51:41.731,44.4,3688.5,525.25,3688.5,N/A
12:51:41.858,342.5,2236.5,1021.5,2236.5,N/A
12:51:41.982,43.4,3651.25,1026.75,3651.25,N/A
12:51:42.106,338.3,2197.0,1032.75,2197.0,N/A
12:51:42.229,45.8,3963.75,1041.25,3963.75,N/A
12:51:42.354,336.1,2139.5,1047.75,2139.5,N/A
12:51:42.478,44.6,3868.25,1057.25,3868.25,N/A
12:51:42.603,308.1,2551.75,1066.0,2551.75,N/A
12:51:42.726,44.7,3879.5,1075.75,3879.5,N/A
12:51:42.854,305.8,2479.0,1078.75,2479.0,N/A
12:51:43.006,46.1,3905.25,1085.5,3905.25,N/A
12:51:43.183,48.7,3914.5,1089.25,3914.5,N/A
12:51:43.302,48.9,3965.5,1100.0,3965.5,N/A
12:51:43.426,297.5,2431.5,1125.0,2431.5,N/A
12:51:43.545,44.9,3904.75,1140.5,3904.75,N/A
12:51:43.671,291.2,2614.0,1151.0,2614.0,N/A
12:51:43.789,46.8,3974.25,1212.75,3974.25,N/A
12:51:43.917,287.8,2550.75,1211.5,2550.75,N/A
12:51:44.035,47.8,3876.75,1218.5,3876.75,N/A
12:51:44.163,354.1,1606.75,1227.0,1606.75,N/A
12:51:44.281,49.3,3927.5,1235.5,3927.5,N/A
12:51:44.410,278.2,3230.5,1263.75,3230.5,N/A
12:51:44.528,70.8,3968.5,1303.25,3968.5,N/A
12:51:44.657,273.9,3603.75,1253.0,3603.75,N/A
12:51:44.776,49.8,3953.0,1233.75,3953.0,N/A
12:51:44.905,271.1,3939.75,1183.75,3939.75,N/A
12:51:45.023,51.5,3999.25,1163.0,3999.25,N/A
12:51:45.153,270.5,3966.75,1110.0,3966.75,N/A
12:51:45.271,52.2,3850.0,1090.5,3850.0,N/A
12:51:45.400,287.6,2431.25,1043.25,2431.25,N/A
12:51:45.518,54.3,3979.25,1023.75,3979.25,N/A
12:51:45.648,286.7,2431.5,980.5,2431.5,N/A
12:51:45.766,55.7,3960.5,960.25,3960.5,N/A
12:51:45.896,285.5,2434.25,914.25,2434.25,N/A
12:51:46.014,56.6,3825.75,893.5,3825.75,N/A
12:51:46.144,279.4,2450.25,854.25,2450.25,N/A
12:51:46.263,58.3,3936.25,841.5,3936.25,N/A
12:51:46.392,286.7,2475.25,910.0,2475.25,N/A
12:51:46.510,58.8,3725.75,783.0,3725.75,N/A
12:51:46.639,287.1,2480.5,750.5,2480.5,N/A
12:51:46.757,60.5,3718.5,734.0,3718.5,N/A
12:51:46.887,270.6,2733.75,780.0,2733.75,N/A
12:51:47.005,61.9,3739.0,686.5,3739.0,N/A
12:51:47.135,274.4,2525.25,652.75,2525.25,N/A
12:51:47.254,63.5,3758.5,646.5,3758.5,N/A
12:51:47.382,291.1,1109.75,592.25,1109.75,N/A
12:51:47.500,64.1,3622.0,494.75,3622.0,N/A
12:51:47.630,271.6,2563.0,461.75,2563.0,N/A
12:51:47.765,65.6,3643.75,461.0,3643.75,N/A
12:51:47.876,314.5,619.5,527.75,619.5,N/A
12:51:47.994,66.8,3381.25,417.0,3381.25,N/A
12:51:48.123,285.5,966.5,444.0,966.5,N/A
12:51:48.241,67.6,3257.75,449.0,3257.75,N/A
12:51:48.370,278.3,1079.0,406.25,1079.0,N/A
12:51:48.488,64.3,1864.75,387.75,1864.75,N/A
12:51:48.616,290.9,594.75,317.5,594.75,N/A
12:51:48.735,66.8,1828.75,258.0,1828.75,N/A
12:51:48.863,285.8,567.0,282.0,567.0,N/A
12:51:48.982,0.0,0,86,159.25,1780.0
12:51:49.030,0.0,0,86,147.0,1753.5
12:51:49.110,69.6,1745.0,215.5,1745.0,N/A
12:51:49.232,68.9,1743.25,230.25,1743.25,N/A
12:51:49.363,354.7,360.25,238.0,360.25,N/A
12:51:49.487,78.8,3997.5,360.0,3997.5,N/A
12:51:49.615,0.0,0,86,159.0,1020.0
12:51:49.697,0.0,0,86,174.0,3970.25
12:51:49.779,47.5,3885.0,444.75,3885.0,N/A
12:51:49.898,12.2,3998.25,444.0,3998.25,N/A
12:51:50.027,353.8,1106.0,443.25,1106.0,N/A
12:51:50.157,11.8,3943.25,444.0,3943.25,N/A
12:51:50.273,353.5,1108.5,449.25,1108.5,N/A
12:51:50.408,11.4,3928.0,443.0,3928.0,N/A
12:51:50.521,353.5,1108.25,464.75,1108.25,N/A
12:51:50.639,46.6,3984.25,441.5,3984.25,N/A
12:51:50.770,354.0,1119.75,439.75,1119.75,N/A
12:51:50.889,46.4,3973.75,443.25,3973.75,N/A
12:51:51.020,353.7,1169.75,446.0,1169.75,N/A
12:51:51.137,45.5,3917.25,450.25,3917.25,N/A
12:51:51.267,353.4,1252.25,454.0,1252.25,N/A
12:51:51.385,43.5,3947.5,459.5,3947.5,N/A
12:51:51.516,352.2,1290.25,463.25,1290.25,N/A
12:51:51.634,41.8,3940.0,470.25,3940.0,N/A
12:51:51.766,347.6,1208.75,478.0,1208.75,N/A
12:51:51.884,40.0,3887.75,485.5,3887.75,N/A
12:51:52.015,353.9,1845.5,493.0,1845.5,N/A
12:51:52.134,37.3,3994.25,500.75,3994.25,N/A
12:51:52.263,353.3,2014.75,510.0,2014.75,N/A
12:51:52.382,36.1,3885.25,519.5,3885.25,N/A
12:51:52.514,353.0,2356.0,530.0,2356.0,N/A
12:51:52.632,34.9,3787.75,539.25,3787.75,N/A
12:51:52.763,352.6,2684.0,551.0,2684.0,N/A
12:51:52.896,33.4,3707.0,561.5,3707.0,N/A
12:51:53.011,353.4,3363.5,626.75,3363.5,N/A
12:51:53.137,27.5,3914.25,585.75,3914.25,N/A
12:51:53.261,352.8,3303.5,598.25,3303.5,N/A
12:51:53.379,26.6,3822.0,604.0,3822.0,N/A
12:51:53.510,350.2,3198.0,616.0,3198.0,N/A
12:51:53.628,26.8,3778.0,623.0,3778.0,N/A
12:51:53.759,350.7,3119.5,634.5,3119.5,N/A
12:51:53.878,31.7,3460.25,642.5,3460.25,N/A
12:51:54.008,341.1,1946.25,654.5,1946.25,N/A
12:51:54.127,27.2,3899.75,668.5,3899.75,N/A
12:51:54.257,345.8,2897.75,685.0,2897.75,N/A
12:51:54.376,30.3,3313.25,694.5,3313.25,N/A
12:51:54.506,345.7,2910.25,708.25,2910.25,N/A
12:51:54.625,33.4,2990.25,722.75,2990.25,N/A
12:51:54.755,327.1,1468.0,668.5,1468.0,N/A
12:51:54.874,26.3,3136.75,760.25,3136.75,N/A
12:51:55.003,344.7,3594.75,672.5,3594.75,N/A
12:51:55.121,344.8,3703.5,784.25,3703.5,N/A
12:51:55.252,340.1,2622.25,673.75,2622.25,N/A
12:51:55.371,346.0,3867.25,680.0,3867.25,N/A
12:51:55.500,347.1,3953.5,683.0,3953.5,N/A
12:51:55.618,347.5,3970.75,689.5,3970.75,N/A
12:51:55.749,347.8,3829.75,701.25,3829.75,N/A
12:51:55.868,24.5,3859.25,711.0,3859.25,N/A
12:51:55.997,348.0,3696.25,850.0,3696.25,N/A
12:51:56.117,24.7,3951.5,862.75,3951.5,N/A
12:51:56.246,348.2,3786.75,874.75,3786.75,N/A
12:51:56.367,24.9,3887.0,882.75,3887.0,N/A
12:51:56.495,348.0,3770.75,892.0,3770.75,N/A
12:51:56.614,24.8,3875.75,902.25,3875.75,N/A
12:51:56.744,348.4,3868.0,914.0,3868.0,N/A
12:51:56.864,25.1,3822.25,922.25,3822.25,N/A
12:51:56.995,348.3,3897.5,935.0,3897.5,N/A
12:51:57.116,23.9,3980.75,940.75,3980.75,N/A
12:51:57.241,348.5,3957.75,954.25,3957.75,N/A
12:51:57.361,24.1,3944.25,960.75,3944.25,N/A
12:51:57.489,347.8,3789.25,970.25,3789.25,N/A
12:51:57.607,348.1,3894.25,979.0,3894.25,N/A
12:51:57.738,348.1,3832.25,990.0,3832.25,N/A
12:51:57.861,348.5,3887.0,992.5,3887.0,N/A
12:51:57.986,349.4,3996.0,1001.25,3996.0,N/A
12:51:58.104,25.1,3900.25,1004.75,3900.25,N/A
12:51:58.236,349.3,3850.5,1013.75,3850.5,N/A
12:51:58.484,349.4,3874.25,1029.75,3874.25,N/A
12:51:58.633,25.0,3990.0,1032.25,3990.0,N/A
12:51:58.814,349.5,3875.5,1049.0,3875.5,N/A
12:51:58.932,25.2,3976.25,1052.25,3976.25,N/A
12:51:59.063,348.8,3775.5,1060.25,3775.5,N/A
12:51:59.182,23.3,3898.75,1066.0,3898.75,N/A
12:51:59.313,350.5,3752.75,1074.0,3752.75,N/A
12:53:48.137,26.2,3711.0,1078.25,3711.0,N/A
